{"cameraMode":{"drawMode":0,"name":"Shaded","section":"Shading Mode"},"sceneLighting":true,"audioPlay":false,"sceneViewState":{"showFog":true,"showMaterialUpdate":false,"showSkybox":true,"showFlares":true,"showImageEffects":true,"showParticleSystems":true},"in2DMode":false,"pivot":{"x":98.94502258300781,"y":-5.423516750335693,"z":-75.31884765625},"rotation":{"x":0.1400260478258133,"y":-0.41368502378463747,"z":0.06455916166305542,"w":0.897267758846283},"size":24.46369171142578,"orthographic":false}